Name,Runs,Wickets,Balls,Strike_rate,Avg,batting_style
JA Morkel,974,40,711,136.9901547116737,24.35,Left-hand bat
T Thushara,11,2,19,57.89473684210526,5.5,Left-hand bat
V Sehwag,2727,98,1833,148.77250409165302,27.8265306122449,Right-hand bat
CR Brathwaite,83,6,40,207.5,13.833333333333334,Right-hand bat
Shivam Sharma,5,1,3,166.66666666666666,5.0,Right-hand bat
NK Patel,121,5,124,97.58064516129032,24.2,Left-hand bat
MJ Guptill,57,3,55,103.63636363636364,19.0,Right-hand bat
GB Hogg,22,2,22,100.0,11.0,Left-hand bat
GD McGrath,4,1,5,80.0,4.0,Right-hand bat
CK Kapugedera,16,3,24,66.66666666666667,5.333333333333333,Right-hand bat
A Singh,2,4,10,20.0,0.5,Right-hand bat
CRD Fernando,2,1,3,66.66666666666667,2.0,Right-hand bat
M Kartik,112,7,109,102.75229357798165,16.0,Left-hand bat
RE Levi,83,6,74,112.16216216216216,13.833333333333334,Right-hand bat
MJ Lumb,278,10,198,140.40404040404042,27.8,Left-hand bat
Iqbal Abdulla,83,1,79,105.0632911392405,83.0,Left-hand bat
SK Warne,197,19,219,89.95433789954338,10.368421052631579,Right-hand bat
RV Uthappa,3384,119,2719,124.45752114748069,28.436974789915965,Right-hand bat
MC Henriques,691,29,564,122.51773049645391,23.82758620689655,Right-hand bat
S Nadeem,24,11,62,38.70967741935484,2.1818181818181817,Right-hand bat
Kamran Khan,3,1,5,60.0,3.0,Left-hand bat
KW Richardson,36,3,39,92.3076923076923,12.0,Right-hand bat
PC Valthaty,505,22,432,116.89814814814815,22.954545454545453,Right-hand bat
Umar Gul,38,3,19,200.0,12.666666666666666,Right-hand bat
SW Billings,88,4,66,133.33333333333334,22.0,Right-hand bat
B Chipli,280,16,256,109.375,17.5,Right-hand bat
J Theron,10,2,13,76.92307692307692,5.0,Right-hand bat
B Lee,121,10,102,118.62745098039215,12.1,Right-hand bat
AM Nayar,659,39,583,113.03602058319039,16.897435897435898,Left-hand bat
PP Ojha,15,10,45,33.333333333333336,1.5,Left-hand bat
JH Kallis,2426,89,2291,105.89262330859887,27.258426966292134,Right-hand bat
MM Patel,39,4,40,97.5,9.75,Right-hand bat
DE Bollinger,21,1,23,91.30434782608695,21.0,Left-hand bat
LRPL Taylor,1015,41,847,119.83471074380165,24.75609756097561,Right-hand bat
CH Gayle,3424,80,2348,145.82623509369677,42.8,Left-hand bat
AN Ghosh,7,2,8,87.5,3.5,Right-hand bat
MDKJ Perera,14,2,13,107.6923076923077,7.0,Left-hand bat
SP Narine,47,5,58,81.03448275862068,9.4,Left-hand bat
BAW Mendis,3,2,6,50.0,1.5,Right-hand bat
Imran Tahir,18,4,23,78.26086956521739,4.5,Right-hand bat
P Negi,208,11,170,122.3529411764706,18.90909090909091,Left-hand bat
AP Majumdar,87,4,77,112.98701298701299,21.75,Right-hand bat
GR Napier,15,1,16,93.75,15.0,Right-hand bat
L Balaji,36,7,50,72.0,5.142857142857143,Right-hand bat
J Suchith,48,1,33,145.45454545454547,48.0,Left-hand bat
Shoaib Akhtar,2,1,8,25.0,2.0,Right-hand bat
AS Rajpoot,2,0,6,33.333333333333336,2.0,Right-hand bat
Sachin Baby,121,6,89,135.95505617977528,20.166666666666668,Left-hand bat
Abdur Razzak,0,0,2,0.0,0.0,Left-hand bat
DJG Sammy,292,15,249,117.26907630522088,19.466666666666665,Right-hand bat
JR Hopes,417,17,314,132.80254777070064,24.529411764705884,Right-hand bat
KP Pietersen,1001,29,758,132.0580474934037,34.51724137931034,Right-hand bat
CJ Ferguson,98,6,119,82.3529411764706,16.333333333333332,Right-hand bat
DL Vettori,121,7,118,102.54237288135593,17.285714285714285,Left-hand bat
KH Pandya,237,5,127,186.61417322834646,47.4,Left-hand bat
X Thalaivan Sargunam,10,1,17,58.8235294117647,10.0,Right-hand bat
M Manhas,513,24,486,105.55555555555556,21.375,Right-hand bat
S Sriram,31,2,38,81.57894736842105,15.5,Left-hand bat
A Mishra,289,27,326,88.65030674846626,10.703703703703704,Right-hand bat
RA Jadeja,1572,72,1340,117.31343283582089,21.833333333333332,Left-hand bat
Harmeet Singh,18,2,12,150.0,9.0,Right-hand bat
YV Takawale,192,8,183,104.91803278688525,24.0,Right-hand bat
AN Ahmed,36,1,27,133.33333333333334,36.0,Right-hand bat
BMAJ Mendis,22,3,27,81.48148148148148,7.333333333333333,Left-hand bat
JE Taylor,3,0,4,75.0,3.0,Right-hand bat
JP Duminy,1991,47,1630,122.14723926380368,42.361702127659576,Left-hand bat
JEC Franklin,327,11,309,105.8252427184466,29.727272727272727,Left-hand bat
DJ Hussey,1321,49,1101,119.98183469573115,26.959183673469386,Right-hand bat
MG Johnson,130,14,140,92.85714285714286,9.285714285714286,Left-hand bat
SV Samson,1039,41,890,116.74157303370787,25.341463414634145,Right-hand bat
SM Pollock,147,8,116,126.72413793103448,18.375,Right-hand bat
PD Collingwood,203,4,159,127.67295597484276,50.75,Right-hand bat
TL Suman,675,30,587,114.99148211243612,22.5,Right-hand bat
CH Morris,282,8,178,158.42696629213484,35.25,Right-hand bat
S Gopal,14,2,27,51.851851851851855,7.0,Right-hand bat
DB Ravi Teja,374,20,325,115.07692307692308,18.7,Right-hand bat
P Sahu,19,0,13,146.15384615384616,19.0,Right-hand bat
R Sathish,269,16,236,113.98305084745763,16.8125,Right-hand bat
IK Pathan,1132,52,978,115.74642126789367,21.76923076923077,Left-hand bat
AC Gilchrist,2068,76,1555,132.99035369774919,27.210526315789473,Left-hand bat
M Morkel,126,11,93,135.48387096774192,11.454545454545455,Left-hand bat
ST Jayasuriya,754,29,567,132.9805996472663,26.0,Left-hand bat
BB Samantray,120,5,115,104.34782608695652,24.0,Right-hand bat
D Wiese,126,5,94,134.04255319148936,25.2,Right-hand bat
DR Martyn,19,2,26,73.07692307692308,9.5,Right-hand bat
Anureet Singh,18,3,31,58.064516129032256,6.0,Right-hand bat
A Uniyal,4,1,7,57.142857142857146,4.0,Left-hand bat
A Chopra,53,5,75,70.66666666666667,10.6,Right-hand bat
LMP Simmons,942,21,762,123.62204724409449,44.857142857142854,Right-hand bat
PV Tambe,18,1,39,46.15384615384615,18.0,Right-hand bat
RE van der Merwe,158,12,144,109.72222222222223,13.166666666666666,Right-hand bat
KV Sharma,266,15,243,109.46502057613169,17.733333333333334,Left-hand bat
Mohammad Ashraful,2,1,12,16.666666666666668,2.0,Right-hand bat
S Narwal,36,4,29,124.13793103448276,9.0,Left-hand bat
B Akhil,75,7,57,131.57894736842104,10.714285714285714,Right-hand bat
TD Paine,10,2,29,34.48275862068966,5.0,Right-hand bat
KB Arun Karthik,49,5,53,92.45283018867924,9.8,Right-hand bat
KA Pollard,1957,71,1380,141.81159420289856,27.56338028169014,Right-hand bat
SR Watson,2547,78,1865,136.56836461126005,32.65384615384615,Right-hand bat
NLTC Perera,419,23,321,130.52959501557632,18.217391304347824,Left-hand bat
R McLaren,159,8,178,89.32584269662921,19.875,Left-hand bat
KJ Abbott,13,1,8,162.5,13.0,Right-hand bat
VR Aaron,42,2,45,93.33333333333333,21.0,Right-hand bat
JC Buttler,255,11,189,134.9206349206349,23.181818181818183,Right-hand bat
GC Smith,730,30,686,106.41399416909621,24.333333333333332,Left-hand bat
AA Chavan,12,1,11,109.0909090909091,12.0,Left-hand bat
MK Tiwary,1322,49,1202,109.98336106489185,26.979591836734695,Right-hand bat
RG More,2,0,2,100.0,2.0,Right-hand bat
AC Blizzard,120,7,91,131.86813186813185,17.142857142857142,Left-hand bat
DJ Muthuswami,1,1,3,33.333333333333336,1.0,Right-hand bat
MEK Hussey,1971,52,1642,120.03654080389768,37.90384615384615,Left-hand bat
JDP Oram,106,8,110,96.36363636363636,13.25,Left-hand bat
MJ McClenaghan,47,4,29,162.06896551724137,11.75,Left-hand bat
SS Tiwary,1224,43,1065,114.92957746478874,28.46511627906977,Left-hand bat
NM Coulter-Nile,38,4,40,95.0,9.5,Right-hand bat
RJ Harris,117,12,112,104.46428571428571,9.75,Right-hand bat
DJ Bravo,1256,54,1026,122.41715399610136,23.25925925925926,Right-hand bat
Azhar Mahmood,387,19,311,124.43729903536978,20.36842105263158,Right-hand bat
A Chandila,4,1,7,57.142857142857146,4.0,Right-hand bat
HM Amla,157,6,122,128.68852459016392,26.166666666666668,Right-hand bat
Parvez Rasool,17,2,20,85.0,8.5,Right-hand bat
B Kumar,153,17,156,98.07692307692308,9.0,Right-hand bat
GJ Bailey,662,29,552,119.92753623188406,22.82758620689655,Right-hand bat
B Sumanth,35,1,38,92.10526315789474,35.0,Right-hand bat
R Dravid,2172,77,1918,113.2429614181439,28.207792207792206,Right-hand bat
BJ Haddin,18,1,11,163.63636363636363,18.0,Right-hand bat
SK Trivedi,42,8,61,68.85245901639344,5.25,Right-hand bat
ER Dwivedi,24,2,15,160.0,12.0,Right-hand bat
RP Singh,51,15,78,65.38461538461539,3.4,Right-hand bat
SB Styris,131,7,134,97.76119402985074,18.714285714285715,Right-hand bat
PJ Sangwan,22,4,32,68.75,5.5,Right-hand bat
SJ Srivastava,5,1,5,100.0,5.0,Right-hand bat
DS Lehmann,18,2,19,94.73684210526316,9.0,Left-hand bat
JJ van der Wath,18,2,17,105.88235294117646,9.0,Right-hand bat
JM Kemp,26,2,25,104.0,13.0,Right-hand bat
LA Carseldine,77,3,69,111.59420289855072,25.666666666666668,Left-hand bat
Yuvraj Singh,2335,90,1860,125.53763440860214,25.944444444444443,Left-hand bat
RS Gavaskar,2,1,8,25.0,2.0,Left-hand bat
P Dogra,127,12,141,90.0709219858156,10.583333333333334,Right-hand bat
DP Nannes,4,1,13,30.76923076923077,4.0,Right-hand bat
SN Thakur,7,0,6,116.66666666666667,7.0,Right-hand bat
IR Jaggi,43,4,60,71.66666666666667,10.75,Right-hand bat
MS Dhoni,3265,92,2419,134.97312939231088,35.48913043478261,Right-hand bat
AC Voges,179,6,143,125.17482517482517,29.833333333333332,Right-hand bat
CA Lynn,89,4,85,104.70588235294117,22.25,Right-hand bat
GH Vihari,277,18,316,87.65822784810126,15.38888888888889,Right-hand bat
K Upadhyay,12,0,9,133.33333333333334,12.0,Right-hand bat
NS Naik,23,2,33,69.6969696969697,11.5,Right-hand bat
RV Gomez,49,7,53,92.45283018867924,7.0,Right-hand bat
Mohammad Asif,3,2,6,50.0,1.5,Left-hand bat
JJ Bumrah,9,2,15,60.0,4.5,Right-hand bat
S Anirudha,136,8,121,112.39669421487604,17.0,Right-hand bat
Z Khan,111,14,128,86.71875,7.928571428571429,Right-hand bat
J Yadav,6,0,12,50.0,6.0,Right-hand bat
A Kumble,35,2,49,71.42857142857143,17.5,Right-hand bat
SE Bond,1,1,2,50.0,1.0,Right-hand bat
MC Juneja,125,7,134,93.28358208955224,17.857142857142858,Right-hand bat
Jaskaran Singh,8,2,11,72.72727272727273,4.0,Right-hand bat
SW Tait,23,3,26,88.46153846153847,7.666666666666667,Right-hand bat
R Ashwin,229,20,246,93.08943089430895,11.45,Right-hand bat
SA Abbott,15,1,13,115.38461538461539,15.0,Right-hand bat
CL White,953,35,769,123.92717815344604,27.228571428571428,Right-hand bat
NJ Rimmington,1,0,1,100.0,1.0,Right-hand bat
YK Pathan,2749,89,1941,141.62802679031427,30.8876404494382,Right-hand bat
RS Sodhi,4,0,2,200.0,4.0,Right-hand bat
D Kalyankrishna,3,1,8,37.5,3.0,Right-hand bat
AM Rahane,2673,75,2273,117.5978882534096,35.64,Right-hand bat
R Bishnoi,19,3,17,111.76470588235294,6.333333333333333,Right-hand bat
PA Reddy,164,10,167,98.20359281437126,16.4,Right-hand bat
KM Jadhav,626,26,490,127.75510204081633,24.076923076923077,Right-hand bat
D Salunkhe,33,1,24,137.5,33.0,Right-hand bat
Mashrafe Mortaza,2,0,2,100.0,2.0,Right-hand bat
M Vijay,2508,91,2092,119.88527724665391,27.560439560439562,Right-hand bat
SP Goswami,240,15,260,92.3076923076923,16.0,Left-hand bat
R Ninan,3,1,6,50.0,3.0,Right-hand bat
AA Noffke,8,1,12,66.66666666666667,8.0,Right-hand bat
VS Malik,7,1,7,100.0,7.0,Right-hand bat
Sohail Tanvir,36,3,31,116.12903225806451,12.0,Left-hand bat
TR Birt,75,5,59,127.11864406779661,15.0,Left-hand bat
SB Bangar,49,6,58,84.48275862068965,8.166666666666666,Right-hand bat
AD Mascarenhas,78,10,79,98.73417721518987,7.8,Right-hand bat
S Tyagi,3,0,4,75.0,3.0,Right-hand bat
SB Wagh,2,2,3,66.66666666666667,1.0,Left-hand bat
NV Ojha,1467,69,1279,114.6989835809226,21.26086956521739,Right-hand bat
FY Fazal,181,9,179,101.11731843575419,20.11111111111111,Left-hand bat
VS Yeligati,2,1,2,100.0,2.0,Right-hand bat
Mohammad Hafeez,64,8,84,76.19047619047619,8.0,Right-hand bat
Sunny Singh,43,4,31,138.70967741935485,10.75,Right-hand bat
AS Raut,193,11,172,112.20930232558139,17.545454545454547,Right-hand bat
PP Chawla,511,41,461,110.84598698481562,12.463414634146341,Left-hand bat
LA Pomersbach,301,11,251,119.9203187250996,27.363636363636363,Left-hand bat
SS Iyer,469,19,406,115.51724137931035,24.68421052631579,Right-hand bat
AP Dole,34,2,23,147.82608695652175,17.0,Right-hand bat
AS Yadav,49,7,40,122.5,7.0,Right-hand bat
S Dhawan,3067,95,2615,117.2848948374761,32.28421052631579,Left-hand bat
HV Patel,47,8,38,123.6842105263158,5.875,Right-hand bat
DNT Zoysa,11,1,9,122.22222222222223,11.0,Left-hand bat
S Aravind,27,0,19,142.10526315789474,27.0,Left-hand bat
L Ablish,0,0,2,0.0,0.0,Right-hand bat
RR Powar,67,3,64,104.6875,22.333333333333332,Right-hand bat
TG Southee,47,4,33,142.42424242424244,11.75,Right-hand bat
SE Marsh,2211,56,1710,129.2982456140351,39.482142857142854,Left-hand bat
A Symonds,973,26,781,124.58386683738796,37.42307692307692,Right-hand bat
CA Ingram,21,2,26,80.76923076923077,10.5,Left-hand bat
SC Ganguly,1349,54,1326,101.73453996983409,24.98148148148148,Left-hand bat
T Henderson,11,1,16,68.75,11.0,Right-hand bat
K Goel,217,14,239,90.7949790794979,15.5,Left-hand bat
MV Boucher,393,15,318,123.58490566037736,26.2,Right-hand bat
AD Mathews,691,29,571,121.01576182136603,23.82758620689655,Right-hand bat
A Mithun,34,5,26,130.76923076923077,6.8,Right-hand bat
DJ Jacobs,92,7,101,91.08910891089108,13.142857142857142,Right-hand bat
S Kaushik,0,1,1,0.0,0.0,Right-hand bat
R Vinay Kumar,302,26,285,105.96491228070175,11.615384615384615,Right-hand bat
DJ Hooda,293,20,224,130.80357142857142,14.65,Right-hand bat
MN Samuels,131,9,142,92.25352112676056,14.555555555555555,Right-hand bat
DP Vijaykumar,1,0,1,100.0,1.0,Right-hand bat
S Sohal,367,18,311,118.0064308681672,20.38888888888889,Right-hand bat
BE Hendricks,1,1,3,33.333333333333336,1.0,Left-hand bat
AC Thomas,20,2,19,105.26315789473684,10.0,Right-hand bat
MS Gony,99,9,76,130.26315789473685,11.0,Right-hand bat
S Chanderpaul,25,3,33,75.75757575757575,8.333333333333334,Left-hand bat
RJ Quiney,103,7,105,98.0952380952381,14.714285714285714,Left-hand bat
DA Warner,3370,90,2439,138.17138171381714,37.44444444444444,Left-hand bat
EJG Morgan,788,34,663,118.85369532428356,23.176470588235293,Left-hand bat
P Parameswaran,1,0,3,33.333333333333336,1.0,Right-hand bat
KC Sangakkara,1687,69,1424,118.46910112359551,24.44927536231884,Left-hand bat
AT Rayudu,2323,82,1884,123.30148619957536,28.329268292682926,Right-hand bat
SR Tendulkar,2325,70,2041,113.91474767270945,33.214285714285715,Right-hand bat
BCJ Cutting,73,3,43,169.7674418604651,24.333333333333332,Right-hand bat
M Rawat,55,5,70,78.57142857142857,11.0,Right-hand bat
MP Stoinis,146,4,111,131.53153153153153,36.5,Right-hand bat
Younis Khan,3,1,7,42.857142857142854,3.0,Right-hand bat
AB Barath,42,2,43,97.67441860465117,21.0,Right-hand bat
MN van Wyk,167,3,135,123.70370370370371,55.666666666666664,Right-hand bat
AUK Pathan,39,5,26,150.0,7.8,Right-hand bat
PSP Handscomb,6,1,12,50.0,6.0,Right-hand bat
AD Russell,563,20,345,163.18840579710144,28.15,Right-hand bat
AA Bilakhia,69,5,88,78.4090909090909,13.8,Right-hand bat
CJ Anderson,379,12,284,133.45070422535213,31.583333333333332,Left-hand bat
VH Zol,29,2,26,111.53846153846153,14.5,Left-hand bat
S Badrinath,1439,48,1245,115.58232931726907,29.979166666666668,Right-hand bat
KC Cariappa,13,1,11,118.18181818181819,13.0,Right-hand bat
PM Sarvesh Kumar,1,0,2,50.0,1.0,Right-hand bat
NL McCullum,25,3,23,108.69565217391305,8.333333333333334,Right-hand bat
Karanveer Singh,12,1,17,70.58823529411765,12.0,Right-hand bat
M Ntini,11,1,19,57.89473684210526,11.0,Right-hand bat
BJ Rohrer,193,6,145,133.10344827586206,32.166666666666664,Left-hand bat
I Malhotra,7,0,4,175.0,7.0,Right-hand bat
WA Mota,56,5,76,73.6842105263158,11.2,Right-hand bat
A Flintoff,62,2,57,108.7719298245614,31.0,Right-hand bat
G Gambhir,3630,117,3028,119.88110964332893,31.025641025641026,Left-hand bat
S Sreesanth,34,3,57,59.64912280701754,11.333333333333334,Right-hand bat
MD Mishra,237,15,213,111.26760563380282,15.8,Right-hand bat
SB Jakati,27,2,30,90.0,13.5,Left-hand bat
W Jaffer,130,7,129,100.7751937984496,18.571428571428573,Right-hand bat
SS Shaikh,6,0,7,85.71428571428571,6.0,Right-hand bat
SB Joshi,6,2,16,37.5,3.0,Left-hand bat
FH Edwards,4,1,5,80.0,4.0,Right-hand bat
M Muralitharan,19,6,30,63.333333333333336,3.1666666666666665,Right-hand bat
R Dhawan,151,7,135,111.85185185185185,21.571428571428573,Right-hand bat
AB Dinda,19,8,42,45.23809523809524,2.375,Right-hand bat
SD Chitnis,98,7,92,106.52173913043478,14.0,Right-hand bat
JD Ryder,602,29,466,129.1845493562232,20.75862068965517,Left-hand bat
MM Sharma,61,7,53,115.09433962264151,8.714285714285714,Right-hand bat
R Shukla,19,2,23,82.6086956521739,9.5,Right-hand bat
RR Bhatkal,0,2,2,0.0,0.0,Right-hand bat
SA Yadav,503,22,389,129.30591259640101,22.863636363636363,Right-hand bat
MA Starc,96,6,98,97.95918367346938,16.0,Left-hand bat
BJ Hodge,1397,46,1153,121.16218560277537,30.369565217391305,Right-hand bat
SL Malinga,81,11,100,81.0,7.363636363636363,Right-hand bat
I Sharma,36,5,46,78.26086956521739,7.2,Right-hand bat
AJ Finch,1303,46,1080,120.64814814814815,28.32608695652174,Right-hand bat
H Das,2,1,5,40.0,2.0,Right-hand bat
JD Unadkat,3,1,8,37.5,3.0,Right-hand bat
ML Hayden,1107,27,838,132.10023866348448,41.0,Left-hand bat
Sandeep Sharma,19,1,28,67.85714285714286,19.0,Right-hand bat
Shahid Afridi,81,8,46,176.08695652173913,10.125,Right-hand bat
N Saini,140,11,143,97.9020979020979,12.727272727272727,Right-hand bat
J Syed Mohammad,29,2,27,107.4074074074074,14.5,Left-hand bat
DW Steyn,163,22,159,102.51572327044025,7.409090909090909,Right-hand bat
Kamran Akmal,128,4,78,164.10256410256412,32.0,Right-hand bat
VRV Singh,4,1,3,133.33333333333334,4.0,Right-hand bat
CJ McKay,8,1,15,53.333333333333336,8.0,Right-hand bat
TM Srivastava,8,1,11,72.72727272727273,8.0,Left-hand bat
SPD Smith,1228,38,928,132.32758620689654,32.31578947368421,Right-hand bat
S Kaul,9,0,11,81.81818181818181,9.0,Right-hand bat
Joginder Sharma,36,4,30,120.0,9.0,Right-hand bat
C Munro,30,1,31,96.7741935483871,30.0,Left-hand bat
MF Maharoof,176,10,124,141.93548387096774,17.6,Right-hand bat
Y Gnaneswara Rao,19,1,18,105.55555555555556,19.0,Right-hand bat
Y Venugopal Rao,980,42,865,113.29479768786128,23.333333333333332,Right-hand bat
RR Raje,20,1,18,111.11111111111111,20.0,Right-hand bat
LJ Wright,106,4,63,168.25396825396825,26.5,Right-hand bat
NJ Maddinson,20,3,21,95.23809523809524,6.666666666666667,Left-hand bat
RR Rossouw,53,6,51,103.92156862745098,8.833333333333334,Left-hand bat
KK Cooper,116,9,70,165.71428571428572,12.88888888888889,Right-hand bat
A Zampa,0,1,1,0.0,0.0,Right-hand bat
KAJ Roach,10,1,9,111.11111111111111,10.0,Right-hand bat
VVS Laxman,281,16,271,103.69003690036901,17.5625,Right-hand bat
RS Bopara,531,19,468,113.46153846153847,27.94736842105263,Right-hand bat
Mohammed Shami,10,3,22,45.45454545454545,3.3333333333333335,Right-hand bat
P Awana,5,3,14,35.714285714285715,1.6666666666666667,Right-hand bat
Shoaib Malik,52,4,49,106.12244897959184,13.0,Right-hand bat
KL Rahul,725,26,592,122.46621621621621,27.884615384615383,Right-hand bat
VY Mahesh,15,2,28,53.57142857142857,7.5,Right-hand bat
WD Parnell,59,9,80,73.75,6.555555555555555,Left-hand bat
V Pratap Singh,0,1,1,0.0,0.0,Right-hand bat
MS Wade,22,3,33,66.66666666666667,7.333333333333333,Left-hand bat
DT Patil,13,1,13,100.0,13.0,Right-hand bat
CK Langeveldt,8,2,9,88.88888888888889,4.0,Right-hand bat
DAJ Bracewell,12,0,9,133.33333333333334,12.0,Right-hand bat
MR Marsh,225,12,201,111.94029850746269,18.75,Right-hand bat
KMDN Kulasekara,5,0,3,166.66666666666666,5.0,Right-hand bat
UT Khawaja,126,5,105,120.0,25.2,Left-hand bat
RR Sarwan,73,3,78,93.58974358974359,24.333333333333332,Right-hand bat
Anirudh Singh,63,4,69,91.30434782608695,15.75,Left-hand bat
CA Pujara,390,18,403,96.7741935483871,21.666666666666668,Right-hand bat
DH Yagnik,170,9,142,119.71830985915493,18.88888888888889,Left-hand bat
Q de Kock,726,25,566,128.26855123674912,29.04,Left-hand bat
Salman Butt,193,7,172,112.20930232558139,27.571428571428573,Left-hand bat
S Ladda,0,2,10,0.0,0.0,Right-hand bat
N Rana,104,3,78,133.33333333333334,34.666666666666664,Left-hand bat
J Botha,407,22,364,111.81318681318682,18.5,Right-hand bat
DA Miller,1479,41,1052,140.5893536121673,36.073170731707314,Left-hand bat
RT Ponting,91,8,129,70.54263565891473,11.375,Right-hand bat
AB McDonald,123,5,103,119.41747572815534,24.6,Right-hand bat
KP Appanna,1,1,4,25.0,1.0,Right-hand bat
MJ Clarke,97,6,96,101.04166666666667,16.166666666666668,Right-hand bat
BA Bhatt,6,0,7,85.71428571428571,6.0,Left-hand bat
J Arunkumar,23,3,24,95.83333333333333,7.666666666666667,Right-hand bat
AG Paunikar,49,5,61,80.32786885245902,9.8,Right-hand bat
Misbah-ul-Haq,116,9,82,141.46341463414635,12.88888888888889,Right-hand bat
AD Nath,20,3,27,74.07407407407408,6.666666666666667,Right-hand bat
T Kohli,10,3,20,50.0,3.3333333333333335,Right-hand bat
Mandeep Singh,923,46,760,121.44736842105263,20.065217391304348,Right-hand bat
M de Lange,1,1,2,50.0,1.0,Right-hand bat
GJ Maxwell,918,40,593,154.80607082630692,22.95,Right-hand bat
AA Jhunjhunwala,215,14,218,98.62385321100918,15.357142857142858,Right-hand bat
YA Abdulla,0,0,1,0.0,0.0,Left-hand bat
LR Shukla,403,29,358,112.56983240223464,13.89655172413793,Right-hand bat
AG Murtaza,10,1,14,71.42857142857143,10.0,Left-hand bat
RJ Peterson,31,3,32,96.875,10.333333333333334,Left-hand bat
SN Khan,175,8,103,169.90291262135923,21.875,Right-hand bat
KK Nair,876,34,700,125.14285714285714,25.764705882352942,Right-hand bat
UT Yadav,83,8,82,101.21951219512195,10.375,Right-hand bat
RR Pant,197,7,155,127.09677419354838,28.142857142857142,Left-hand bat
PR Shah,92,8,97,94.84536082474227,11.5,Right-hand bat
R Rampaul,51,5,52,98.07692307692308,10.2,Left-hand bat
RN ten Doeschate,324,17,238,136.1344537815126,19.058823529411764,Right-hand bat
YS Chahal,2,0,3,66.66666666666667,2.0,Right-hand bat
KD Karthik,2537,112,2092,121.27151051625239,22.651785714285715,Right-hand bat
A Mukund,19,2,23,82.6086956521739,9.5,Left-hand bat
DJ Harris,111,3,103,107.76699029126213,37.0,Right-hand bat
MA Agarwal,788,44,663,118.85369532428356,17.90909090909091,Right-hand bat
DB Das,304,12,267,113.85767790262172,25.333333333333332,Right-hand bat
JDS Neesham,42,3,46,91.30434782608695,14.0,Left-hand bat
S Randiv,2,1,4,50.0,2.0,Right-hand bat
Bipul Sharma,155,5,99,156.56565656565655,31.0,Left-hand bat
JP Faulkner,473,22,345,137.1014492753623,21.5,Right-hand bat
Swapnil Singh,0,1,1,0.0,0.0,Right-hand bat
M Klinger,73,4,78,93.58974358974359,18.25,Right-hand bat
UA Birla,7,1,15,46.666666666666664,7.0,Right-hand bat
F Behardien,14,2,13,107.6923076923077,7.0,Right-hand bat
Ishan Kishan,42,4,41,102.4390243902439,10.5,Left-hand bat
M Ashwin,0,1,1,0.0,0.0,Right-hand bat
S Vidyut,145,8,115,126.08695652173913,18.125,Left-hand bat
HH Gibbs,883,32,837,105.49581839904421,27.59375,Right-hand bat
AP Tare,321,21,260,123.46153846153847,15.285714285714286,Right-hand bat
Ankit Sharma,48,6,49,97.95918367346938,8.0,Left-hand bat
AL Menaria,401,22,367,109.26430517711172,18.227272727272727,Left-hand bat
SM Katich,241,10,191,126.17801047120419,24.1,Left-hand bat
DPMD Jayawardene,1797,63,1520,118.22368421052632,28.523809523809526,Right-hand bat
DS Kulkarni,86,8,99,86.86868686868686,10.75,Right-hand bat
Pankaj Singh,7,2,12,58.333333333333336,3.5,Right-hand bat
Shakib Al Hasan,496,24,398,124.62311557788945,20.666666666666668,Left-hand bat
HH Pandya,156,12,134,116.41791044776119,13.0,Right-hand bat
Yashpal Singh,47,4,67,70.14925373134328,11.75,Right-hand bat
KS Williamson,155,7,155,100.0,22.142857142857142,Right-hand bat
LPC Silva,40,2,27,148.14814814814815,20.0,Right-hand bat
SA Asnodkar,422,19,352,119.88636363636364,22.210526315789473,Right-hand bat
B Laughlin,4,1,9,44.44444444444444,4.0,Right-hand bat
AR Patel,378,21,323,117.02786377708978,18.0,Left-hand bat
L Ronchi,34,3,37,91.89189189189189,11.333333333333334,Right-hand bat
TM Head,53,2,42,126.19047619047619,26.5,Left-hand bat
WPUJC Vaas,81,7,73,110.95890410958904,11.571428571428571,Left-hand bat
Y Nagar,284,15,271,104.79704797047971,18.933333333333334,Right-hand bat
BR Dunk,40,3,36,111.11111111111111,13.333333333333334,Left-hand bat
R Bhatia,324,28,273,118.68131868131869,11.571428571428571,Right-hand bat
R Tewatia,16,1,13,123.07692307692308,16.0,Left-hand bat
PA Patel,1921,89,1746,110.02290950744559,21.584269662921347,Left-hand bat
DT Christian,341,17,299,114.04682274247492,20.058823529411764,Right-hand bat
CJ Jordan,3,0,4,75.0,3.0,Right-hand bat
A Ashish Reddy,279,15,196,142.3469387755102,18.6,Right-hand bat
SP Fleming,195,9,171,114.03508771929825,21.666666666666668,Left-hand bat
Harpreet Singh,20,2,26,76.92307692307692,10.0,Left-hand bat
T Taibu,30,3,26,115.38461538461539,10.0,Right-hand bat
ND Doshi,0,1,13,0.0,0.0,Right-hand bat
MA Khote,24,2,22,109.0909090909091,12.0,Right-hand bat
SMSM Senanayake,10,1,17,58.8235294117647,10.0,Right-hand bat
S Rana,91,5,82,110.97560975609755,18.2,Right-hand bat
AB de Villiers,3257,78,2227,146.2505612932196,41.756410256410255,Right-hand bat
BB Sran,4,0,4,100.0,4.0,Left-hand bat
UBT Chand,300,20,314,95.54140127388536,15.0,Right-hand bat
TM Dilshan,1152,41,1047,110.02865329512893,28.097560975609756,Right-hand bat
RG Sharma,3869,121,2996,129.1388518024032,31.975206611570247,Right-hand bat
A Nehra,41,8,63,65.07936507936508,5.125,Right-hand bat
Harbhajan Singh,779,51,574,135.71428571428572,15.27450980392157,Right-hand bat
JO Holder,38,5,32,118.75,7.6,Right-hand bat
C Madan,15,1,21,71.42857142857143,15.0,Right-hand bat
Gurkeerat Singh,340,23,280,121.42857142857143,14.782608695652174,Right-hand bat
MS Bisla,798,37,737,108.27679782903664,21.56756756756757,Right-hand bat
M Kaif,259,16,258,100.3875968992248,16.1875,Right-hand bat
Shoaib Ahmed,1,2,6,16.666666666666668,0.5,Right-hand bat
CM Gautam,169,9,158,106.9620253164557,18.77777777777778,Right-hand bat
SM Harwood,9,0,14,64.28571428571429,9.0,Right-hand bat
PJ Cummins,0,1,2,0.0,0.0,Right-hand bat
R Sharma,66,11,77,85.71428571428571,6.0,Right-hand bat
Sunny Gupta,0,1,1,0.0,0.0,Right-hand bat
MK Pandey,1809,69,1574,114.93011435832274,26.217391304347824,Right-hand bat
STR Binny,686,32,542,126.56826568265683,21.4375,Right-hand bat
DJ Thornely,39,3,54,72.22222222222223,13.0,Right-hand bat
DR Smith,2146,71,1645,130.45592705167172,30.225352112676056,Right-hand bat
BB McCullum,2432,89,1953,124.52636968766001,27.325842696629213,Right-hand bat
AB Agarkar,179,8,160,111.875,22.375,Right-hand bat
SK Raina,4094,121,3056,133.96596858638745,33.83471074380165,Left-hand bat
M Vohra,725,29,580,125.0,25.0,Right-hand bat
C Nanda,0,1,1,0.0,0.0,Right-hand bat
P Kumar,331,33,314,105.4140127388535,10.030303030303031,Right-hand bat
OA Shah,504,13,405,124.44444444444444,38.76923076923077,Right-hand bat
V Kohli,4105,115,3235,126.89335394126739,35.69565217391305,Right-hand bat
IC Pandey,0,1,2,0.0,0.0,Right-hand bat
WP Saha,1308,53,1018,128.48722986247543,24.67924528301887,Right-hand bat
